nation,request_id,confemed,client_id,arrival_date,departure_date,num_of_adults,num_of_children,price,currency_id,adwords,source_id,sub_id
India,490329532,0,191936696,5/13/2014,10/13/2014,1,,,,0,1,0
United States,598605256,0,6775876,1/6/2018,3/31/2018,2,,,,1,1,39
Brazil,267640915,0,425416096,10/19/2017,12/20/2017,1,,,,1,101,39
Brazil,327104840,0,528033999,1/5/2019,2/28/2019,1,,,,1,101,39
Argentina,980360489,0,972125634,7/1/2016,8/7/2016,2,,,,1,94,39
Egypt,960020819,1,859558612,11/25/2015,12/31/2015,1,,70,3,0,23,26
Brazil,930852701,0,884246528,9/20/2017,10/20/2017,2,,,,1,105,39
Argentina,253178015,0,212099395,7/1/2017,7/31/2017,2,,,,0,93,8
Brazil,403108584,0,260151046,10/1/2016,10/31/2016,,,,,0,105,167
United Kingdom,378898955,0,547510707,11/1/2013,11/30/2013,2,,,,1,2,39
Canada,407721872,0,204444311,11/1/2013,11/30/2013,3,1,,,0,1,8
Italy,13627257,0,201315775,12/1/2012,12/29/2012,1,2,,,0,29,17
Brazil,955542536,0,874972194,10/5/2016,10/31/2016,2,,,,1,89,39
United States,137016125,1,960083287,2/25/2015,3/21/2015,2,,32,2,0,1,8
United States,839937265,1,935135406,4/12/2017,5/4/2017,2,,82,2,0,1,0
Brazil,20043940,1,120130367,12/19/2012,1/9/2013,2,,22,2,0,1,0
Germany,372776545,0,879285357,9/22/2013,10/12/2013,2,,,,0,7,0
United States,525453505,1,86208470,10/18/2010,11/7/2010,2,,15,2,0,1,0
United States,605104046,0,741050425,3/27/2017,4/16/2017,2,,,,0,1,0
Argentina,337787540,0,62712696,7/28/2015,8/16/2015,1,,,,1,90,39
South Africa,271319463,0,177071553,8/28/2017,9/16/2017,2,,,,1,2,39
United States,642557241,0,388861081,8/2/2012,8/19/2012,4,,,,1,1,39
Argentina,452422106,1,437612481,9/15/2017,10/2/2017,5,,24,2,0,93,17
Mexico,845904587,1,551639159,8/4/2017,8/21/2017,2,,44,2,0,93,17
Brazil,54872674,0,561686293,6/10/2017,6/26/2017,2,,,,1,105,39
Argentina,925565496,1,413493910,2/6/2015,2/22/2015,4,,69,2,0,93,16
Australia,549175524,1,424767831,11/13/2016,11/29/2016,2,,36,2,0,1,0
India,439966368,0,427595422,3/15/2017,3/31/2017,2,1,,,0,65,8
Australia,199600371,1,598056958,12/9/2017,12/24/2017,4,,77,2,0,74,16
Brazil,777870253,0,860874750,5/9/2017,5/24/2017,2,,,,0,105,8
Brazil,623939729,1,450248276,5/29/2017,6/13/2017,2,,76,2,0,103,26
Chile,863269880,1,99800431,9/1/2015,9/16/2015,4,1,88,2,0,93,16
France,336548210,0,389214975,3/15/2017,3/30/2017,2,,,,0,87,15
France,661446632,1,376822234,8/15/2017,8/30/2017,3,3,71,1,0,155,141
Switzerland,165872196,1,311745343,11/2/2014,11/17/2014,8,,58,2,0,1,15
United States,230116294,1,922075334,1/3/2012,1/18/2012,2,,36,2,0,29,17
United States,31039724,1,228414233,12/13/2012,12/28/2012,1,,23,2,0,1,0
United States,651505789,1,17575922,5/6/2013,5/21/2013,2,,81,2,0,56,0
American Samoa,600532014,0,223322431,1/15/2013,1/29/2013,,,,,1,6,39
Argentina,58596139,0,215116515,3/12/2017,3/26/2017,2,1,,,1,94,39
Brazil,164832555,0,18782602,3/15/2016,3/29/2016,1,,,,1,106,39
Brazil,860417033,0,425003261,8/8/2020,8/22/2020,2,,,,1,105,39
Canada,882382742,0,741065666,4/30/2017,5/14/2017,2,,,,1,87,39
France,718460168,0,63376304,10/7/2017,10/21/2017,2,,,,1,87,39
Germany,520859068,0,456225469,8/12/2017,8/26/2017,2,,,,1,99,39
Oman,136050870,0,545432973,8/30/2017,9/13/2017,1,0,,,1,197,39
Argentina,494361976,0,220597003,4/9/2017,4/23/2017,2,,,,0,93,8
Australia,899418575,0,583708263,9/2/2013,9/16/2013,1,,,,0,1,0
Brazil,102944834,0,794508129,12/25/2013,1/8/2014,,,,,0,59,17
Canada,569063309,1,819181499,9/21/2016,10/5/2016,2,,81,2,0,1,15
Canada,670339933,0,379560696,11/12/2016,11/26/2016,2,,,,0,29,16
Egypt,810238520,0,447785143,10/15/2016,10/29/2016,2,,,,0,81,0
France,18657865,0,639034003,3/25/2017,4/8/2017,1,,,,0,87,17
Germany,891890205,0,405596825,10/4/2013,10/18/2013,,,,,0,7,0
Germany,436123370,0,513306892,4/8/2017,4/22/2017,2,3,,,0,99,0
India,287332439,0,179634347,11/1/2013,11/15/2013,2,,,,0,1,8
Russia,52763548,0,88143300,1/15/2014,1/29/2014,15,,,,0,1,0
United Kingdom,860847231,0,758766863,6/11/2016,6/25/2016,2,,,,0,2,17
United Kingdom,306182828,0,438364339,7/28/2017,8/11/2017,1,,,,0,2,17
United States,251483020,0,547210985,7/3/2014,7/17/2014,,,,,0,29,0
United States,179874588,0,919840035,7/1/2016,7/15/2016,3,,,,0,73,0
United States,559929630,1,599494296,12/16/2017,12/30/2017,2,,29,2,0,29,0
Mexico,716218841,0,319223877,9/1/2017,9/14/2017,2,,,,1,209,39
Armenia,622946782,0,775860262,7/30/2017,8/12/2017,2,,,,0,1,0
Canada,725990932,0,329628732,1/8/2017,1/21/2017,2,,,,0,2,0
Italy,318524319,0,905679832,12/26/2012,1/8/2013,,,,,0,6,0
Kenya,512221179,0,653623677,8/20/2017,9/2/2017,2,,,,0,29,0
Switzerland,70306053,0,37878191,10/23/2010,11/5/2010,,,,,0,7,17
United Kingdom,737625227,0,581303198,8/6/2016,8/19/2016,,,,,0,1,0
United States,974112033,0,226506217,6/1/2015,6/14/2015,,,,,0,1,8
United States,877408679,0,191585252,12/17/2016,12/30/2016,3,,,,0,1,0
United States,932672738,0,709810958,12/21/2016,1/3/2017,2,,,,0,1,0
American Samoa,136801678,0,520359747,1/14/2014,1/26/2014,,,,,1,6,39
Brazil,908519791,0,882791979,9/11/2017,9/23/2017,2,,,,1,105,39
Brazil,383519263,0,190290251,12/22/2017,1/3/2018,2,2,,,1,101,39
United Kingdom,253333949,0,51442166,12/21/2016,1/2/2017,3,1,,,1,2,39
United States,888762505,1,969843939,10/29/2016,11/10/2016,3,,77,2,1,2,39
Belgium,799999820,0,850017914,8/3/2010,8/15/2010,,,,,0,4,8
Brazil,399631011,0,281448778,10/6/2016,10/18/2016,2,,,,0,103,8
Brazil,451622156,0,686120869,10/6/2016,10/18/2016,,,,,0,105,17
Brazil,460955327,0,997668813,10/22/2017,11/3/2017,4,,,,0,105,17
Brazil,629013546,1,611970085,4/28/2018,5/10/2018,2,,84,2,0,105,17
Italy,778677660,0,123301588,12/12/2012,12/24/2012,,,,,0,6,0
Italy,406178565,1,451302153,8/31/2014,9/12/2014,2,2,10,1,0,81,17
Spain,516226585,1,265167528,8/12/2011,8/24/2011,1,,97,2,0,23,8
United Kingdom,745738277,1,505360921,11/21/2013,12/3/2013,2,,19,4,0,1,0
Argentina,521515700,0,825686099,7/19/2017,7/30/2017,2,,,,1,91,39
Australia,520254757,0,880875914,10/7/2017,10/18/2017,2,,,,1,1,39
Brazil,189237385,0,281357942,6/5/2017,6/16/2017,1,,,,1,105,39
France,597535208,0,342749224,8/7/2016,8/18/2016,4,,,,1,87,39
Italy,965938511,0,279467730,8/8/2017,8/19/2017,2,2,,,1,81,39
Australia,898973639,0,968247784,2/1/2014,2/12/2014,2,,,,0,1,0
Australia,203627496,0,308094517,1/9/2016,1/20/2016,3,,,,0,1,0
Australia,714300956,0,187366934,2/15/2017,2/26/2017,,,,,0,1,0
Canada,610249531,1,651827393,6/19/2014,6/30/2014,2,,56,2,0,94,8
Chile,327665216,0,897116598,1/31/2013,2/11/2013,,,,,0,5,8
Egypt,282482281,0,288426427,3/11/2017,3/22/2017,2,,,,0,29,0
Germany,680129600,1,899388625,4/5/2012,4/16/2012,2,2,65,1,0,47,16
Germany,101321527,1,95244598,7/5/2012,7/16/2012,2,2,22,1,0,47,16
Mexico,383223771,0,240865797,12/19/2016,12/30/2016,2,,,,0,1,17
South Africa,62141496,0,885236226,10/31/2017,11/11/2017,2,2,,,0,1,8
Spain,315477237,1,800966741,4/25/2015,5/6/2015,2,,46,1,0,93,15
United Kingdom,743327550,0,958229056,3/24/2018,4/4/2018,2,,,,0,2,0
United States,312680668,1,580356154,3/9/2012,3/20/2012,1,,98,2,0,1,0
United States,370876920,1,994383076,11/17/2012,11/28/2012,5,,16,2,0,29,17
United States,446107373,0,199523633,3/21/2013,4/1/2013,,,,,0,1,8
United States,249490787,0,557036574,6/17/2013,6/28/2013,3,,,,0,29,17
United States,493149695,1,196035721,3/31/2014,4/11/2014,4,4,58,2,0,29,26
United States,267289774,1,9972942,9/21/2015,10/2/2015,1,,45,2,0,1,15
United States,305039727,1,653158843,4/19/2016,4/30/2016,2,2,72,4,0,2,0
United States,788295491,0,992870962,11/28/2016,12/9/2016,,,,,0,12,0
United States,516149667,0,136420279,12/25/2016,1/5/2017,2,,,,0,1,0
United States,4799752,0,618476203,11/17/2017,11/28/2017,1,,,,0,29,0
Argentina,531535234,1,706539113,4/2/2016,4/12/2016,2,,83,2,1,93,39
Brazil,918362649,0,380592098,12/25/2014,1/4/2015,2,2,,,1,105,39
Brazil,340464093,0,943909138,10/5/2017,10/15/2017,2,,,,1,102,39
United States,992029980,0,27877286,1/3/2017,1/13/2017,3,,,,1,1,39
United States,93580659,0,101191725,5/21/2018,5/31/2018,2,,,,1,215,39
Argentina,726612123,1,465272800,6/17/2017,6/27/2017,2,,31,2,0,93,26
Argentina,80520221,0,743400679,9/12/2017,9/22/2017,2,,,,0,93,8
Brazil,20014624,0,204029532,11/15/2012,11/25/2012,2,,,,0,29,17
Brazil,378765101,1,176735023,9/12/2014,9/22/2014,2,,1,2,0,9,26
Brazil,734008021,1,45294123,6/23/2017,7/3/2017,2,,8,2,0,105,8
Brazil,673205733,0,913719453,1/10/2018,1/20/2018,3,2,,,0,101,0
Canada,293925623,0,71496657,8/9/2017,8/19/2017,2,,,,0,225,15
Chile,533911031,1,962769134,10/22/2016,11/1/2016,2,,62,2,0,93,8
Colombia,66335555,0,660015238,1/2/2017,1/12/2017,22,,,,0,94,17
Egypt,998190791,1,18905511,7/29/2015,8/8/2015,1,,99,3,0,41,16
France,156187035,0,880620589,10/21/2017,10/31/2017,4,,,,0,87,8
India,151186571,1,485160618,2/6/2013,2/16/2013,2,,37,2,0,1,17
Japan,628693710,0,884991218,4/1/2013,4/11/2013,20,,,,0,1,0
Mexico,233434311,0,828274717,11/9/2016,11/19/2016,1,,,,0,93,8
Philippines,236005570,0,366930520,2/15/2018,2/25/2018,2,,,,0,29,0
South Africa,710796820,1,929845364,1/16/2017,1/26/2017,7,,31,2,0,133,8
United Kingdom,167142709,1,724777659,9/15/2017,9/25/2017,1,,23,2,0,133,8
United States,863752039,1,767468416,6/1/2011,6/11/2011,2,,54,2,0,29,17
United States,721036718,1,299066497,7/28/2012,8/7/2012,1,,43,2,0,29,17
United States,570560826,1,341616972,1/1/2015,1/11/2015,3,1,76,2,0,1,0
United States,428253502,1,834158325,3/16/2015,3/26/2015,4,,88,2,0,1,0
United States,674711671,0,139823125,12/17/2016,12/27/2016,,,,,0,1,0
Uruguay,919262873,1,385855286,6/1/2013,6/11/2013,4,,31,2,0,5,17
Colombia,158275621,0,859255628,10/15/2017,10/24/2017,1,,,,1,90,39
Costa Rica,37729259,1,499138073,1/2/2018,1/11/2018,4,,79,2,1,93,39
United Kingdom,208221627,0,828926798,8/10/2018,8/19/2018,2,,,,1,2,39
United States,318596885,1,348415665,7/14/2017,7/23/2017,1,,20,2,1,1,39
Argentina,548350472,0,815536692,8/25/2017,9/3/2017,2,,,,0,90,17
Argentina,675094174,1,925485630,9/14/2017,9/23/2017,4,,78,2,0,93,8
Australia,922879920,1,124261525,7/2/2011,7/11/2011,2,,93,2,0,29,17
Australia,124333381,1,831307445,4/5/2013,4/14/2013,2,,27,2,0,1,0
Australia,962607046,0,772152881,10/4/2014,10/13/2014,,,,,0,29,0
Australia,533955578,1,750039265,10/15/2017,10/24/2017,2,2,56,2,0,1,17
Canada,333601188,0,406333478,1/3/2017,1/12/2017,,,,,0,1,0
Canada,860471723,1,169274149,12/22/2017,12/31/2017,4,,68,2,0,1,17
Colombia,834545308,0,989630183,5/20/2016,5/29/2016,6,,,,0,93,8
Dominica,584015165,0,375534166,6/1/2015,6/10/2015,1,,,,0,90,17
France,201664509,1,537677285,4/14/2018,4/23/2018,2,1,41,1,0,87,15
Germany,238676211,1,586200777,10/30/2013,11/8/2013,2,,55,1,0,7,16
Germany,962628808,0,44186947,12/22/2017,12/31/2017,2,1,,,0,99,17
India,15866812,1,567766872,9/26/2015,10/5/2015,2,,40,2,0,1,8
India,91246637,0,31882018,12/24/2016,1/2/2017,4,2,,,0,1,0
Italy,202241319,1,380182450,7/4/2014,7/13/2014,2,,8,1,0,81,8
Italy,882806619,0,914774812,8/12/2017,8/21/2017,2,,,,0,80,17
Japan,729442437,0,714888094,1/1/2013,1/10/2013,1,,,,0,1,0
Japan,399195906,1,597675484,10/21/2017,10/30/2017,2,,71,1,0,133,16
Philippines,713024129,1,494360549,8/24/2015,9/2/2015,1,,13,2,0,1,8
South Africa,233354622,0,95434494,5/26/2016,6/4/2016,2,,,,0,29,17
United Kingdom,615885310,1,51621151,3/24/2013,4/2/2013,2,,19,4,0,29,17
United Kingdom,338022467,1,417704359,6/20/2014,6/29/2014,2,,93,4,0,2,0
United States,139364969,1,413071063,10/30/2010,11/8/2010,1,,86,2,0,1,0
United States,841668559,1,789834891,12/22/2010,12/31/2010,2,,33,2,0,1,0
United States,253407948,0,135780238,10/31/2015,11/9/2015,1,,,,0,29,0
United States,873903578,0,450609725,6/27/2017,7/6/2017,2,,,,0,12,0
United States,113859327,1,285325869,11/1/2017,11/10/2017,1,,19,2,0,1,0
United States,831404035,0,812085210,1/27/2018,2/5/2018,2,,,,0,29,0
United States,14048210,0,375379160,8/24/2018,9/2/2018,2,,,,0,29,0
Argentina,595685281,0,806324719,8/8/2017,8/16/2017,2,,,,1,90,39
Australia,524815272,1,501275402,1/2/2017,1/10/2017,2,,10,2,1,1,39
Australia,925290794,0,652217671,8/11/2017,8/19/2017,2,,,,1,1,39
Australia,201039454,0,411882044,9/26/2017,10/4/2017,2,,,,1,73,39
Brazil,528066009,0,273981826,2/17/2015,2/25/2015,4,,,,1,105,39
Chile,321546258,1,607280550,6/10/2017,6/18/2017,2,,3,2,1,94,39
Ecuador,399671656,0,557534155,9/25/2017,10/3/2017,4,1,,,1,93,39
Germany,747061240,0,104078671,1/2/2017,1/10/2017,,,,,1,99,39
Germany,408972841,0,872158171,10/20/2017,10/28/2017,2,,,,1,97,39
Singapore,24529801,0,574116055,8/2/2015,8/10/2015,,,,,1,1,39
United Kingdom,581225971,1,125152812,7/22/2016,7/30/2016,2,,20,4,1,2,39
United States,511055793,0,419877226,2/2/2017,2/10/2017,3,,,,1,1,39
United States,210160315,0,539637113,2/24/2017,3/4/2017,2,,,,1,2,39
United States,600747042,1,679099458,3/31/2017,4/8/2017,2,,80,2,1,1,39
United States,407215476,0,762324751,12/23/2017,12/31/2017,2,,,,1,1,39
Uruguay,411717071,0,648476256,3/24/2016,4/1/2016,4,,,,1,94,39
Argentina,60127762,1,704154062,3/4/2014,3/12/2014,2,1,52,2,0,93,16
Argentina,266570721,0,308644089,3/2/2018,3/10/2018,3,,,,0,93,8
Australia,824576671,1,155004963,6/22/2012,6/30/2012,1,,61,2,0,29,17
Brazil,226910654,1,842970207,3/19/2016,3/27/2016,4,,52,2,0,133,8
Brazil,104991039,1,784395297,5/15/2017,5/23/2017,2,,66,2,0,105,0
Canada,64892420,0,601360197,6/3/2016,6/11/2016,2,,,,0,1,0
Chile,171642379,1,237813962,10/29/2010,11/6/2010,2,,76,1,0,1,0
China,39321581,0,793171843,9/19/2013,9/27/2013,1,,,,0,2,17
France,350271609,1,134757775,12/29/2013,1/6/2014,4,,64,1,0,4,16
France,606500709,1,471059550,12/27/2016,1/4/2017,2,,4,1,0,87,17
India,405559935,0,174735657,6/12/2015,6/20/2015,2,1,,,0,1,8
India,930445330,0,782696409,8/20/2015,8/28/2015,2,,,,0,1,0
India,874600620,0,189527660,1/12/2018,1/20/2018,3,1,,,0,29,8
Italy,325144236,1,959467380,12/27/2013,1/4/2014,2,,47,1,0,6,0
Mexico,313316467,0,838264487,7/9/2016,7/17/2016,3,1,,,0,93,17
Mexico,374810130,0,724393484,11/19/2017,11/27/2017,2,,,,0,93,17
Philippines,261926472,1,665933940,4/15/2017,4/23/2017,1,,28,2,0,66,17
Sweden,436008379,1,60722552,7/10/2017,7/18/2017,1,,59,2,0,2,17
United Kingdom,485853734,1,693867053,11/6/2015,11/14/2015,1,,10,2,0,1,0
United Kingdom,243741724,1,817498698,4/14/2017,4/22/2017,2,2,93,2,0,1,17
United States,755793106,1,33246416,5/2/2014,5/10/2014,2,,87,2,0,65,0
United States,396394901,1,933544565,1/23/2015,1/31/2015,2,,3,2,0,1,17
United States,393154217,1,563810050,4/9/2016,4/17/2016,4,,75,2,0,133,8
United States,263028368,0,125351641,2/6/2017,2/14/2017,2,,,,0,1,0
United States,630318468,0,712175965,2/17/2017,2/25/2017,1,,,,0,1,0
United States,810372449,1,844769050,7/13/2017,7/21/2017,2,,92,2,0,1,0
Argentina,458436414,1,937931470,11/21/2017,11/28/2017,4,,98,2,1,93,39
Australia,343533010,0,181687614,8/5/2016,8/12/2016,1,,,,1,73,39
Australia,529579479,0,522712857,4/12/2017,4/19/2017,2,,,,1,73,39
Brazil,433804651,0,658442861,2/13/2017,2/20/2017,2,,,,1,105,39
Brazil,383411861,0,430427216,7/19/2017,7/26/2017,2,,,,1,213,39
Brazil,741653116,0,209047043,9/3/2017,9/10/2017,2,,,,1,102,39
Brazil,355098627,1,405963868,10/25/2017,11/1/2017,2,,3,2,1,105,39
Brazil,264047701,0,757807277,11/25/2017,12/2/2017,2,,,,1,105,39
Brazil,676496148,0,406891731,1/8/2018,1/15/2018,2,2,,,1,101,39
Brazil,856158148,0,785318268,2/1/2018,2/8/2018,4,,,,1,101,39
Canada,856123725,0,513328036,12/27/2016,1/3/2017,3,,,,1,2,39
France,227551707,0,248586692,10/21/2017,10/28/2017,2,0,,,1,87,39
France,627930760,0,872646220,12/30/2017,1/6/2018,2,2,,,1,87,39
Germany,280372912,0,754429844,9/11/2017,9/18/2017,2,,,,1,99,39
India,436294057,0,32766447,11/21/2014,11/28/2014,2,,,,1,2,39
India,725969441,0,31327878,11/21/2015,11/28/2015,,,,,1,66,39
India,960156415,1,756305806,3/11/2017,3/18/2017,2,,54,2,1,1,39
Italy,255458445,0,207753363,11/13/2015,11/20/2015,2,,,,1,81,39
Italy,839415545,0,928432756,1/1/2018,1/8/2018,2,,,,1,81,39
Mexico,985706918,0,158924860,12/3/2017,12/10/2017,1,,,,1,93,39
Saudi Arabia,997890793,0,42434538,7/9/2017,7/16/2017,1,0,,,1,197,39
United Kingdom,492753713,0,622080237,11/15/2016,11/22/2016,2,,,,1,2,39
United States,820688571,0,507300029,12/24/2016,12/31/2016,,,,,1,66,39
United States,684533858,0,374256738,12/24/2016,12/31/2016,2,2,,,1,2,39
United States,84962308,0,739904722,7/23/2017,7/30/2017,4,,,,1,217,39
Argentina,833169564,0,984401049,5/14/2016,5/21/2016,2,,,,0,93,8
Argentina,261727959,1,632300059,10/6/2016,10/13/2016,2,,54,2,0,93,8
Belgium,60522514,0,635637867,3/23/2013,3/30/2013,2,,,,0,1,0
Brazil,493853793,1,131295787,1/10/2017,1/17/2017,4,,49,2,0,105,17
Brazil,603530315,0,39776793,10/24/2017,10/31/2017,2,,,,0,105,8
Canada,875526562,0,759878003,7/11/2016,7/18/2016,2,,,,0,145,8
Canada,557779751,0,466114371,1/12/2017,1/19/2017,2,,,,0,1,8
Canada,865305424,1,339059494,11/23/2017,11/30/2017,2,,20,2,0,87,17
Central African Republic,935466647,0,220092339,5/24/2016,5/31/2016,,,,,0,4,17
Chile,38700156,0,839911394,10/17/2012,10/24/2012,2,,,,0,29,17
Chile,693750744,0,934720625,1/19/2016,1/26/2016,2,,,,0,93,17
China,703620230,0,188089655,7/1/2014,7/8/2014,,,,,0,2,0
Colombia,366700704,1,449858808,12/17/2012,12/24/2012,4,,20,2,0,5,17
Czech Republic,326623461,0,475937852,8/20/2017,8/27/2017,2,,,,0,2,17
Denmark,605182176,1,931407112,12/26/2017,1/2/2018,2,,36,2,0,133,8
Egypt,589048918,1,56165192,3/20/2015,3/27/2015,1,,39,3,0,41,26
Egypt,578873957,1,290307445,11/20/2016,11/27/2016,2,,50,3,0,41,26
France,899607937,0,971845032,8/3/2013,8/10/2013,2,1,,,0,4,17
France,115174184,0,487880864,8/22/2016,8/29/2016,3,1,,,0,87,17
Germany,424779327,0,831621314,1/23/2016,1/30/2016,,,,,0,93,17
Germany,93518902,0,118830320,12/23/2016,12/30/2016,2,,,,0,95,17
Germany,806181796,0,123420484,12/26/2016,1/2/2017,2,,,,0,99,0
Germany,411232274,0,26959826,1/15/2017,1/22/2017,2,,,,0,,15
Germany,904275095,0,717090103,3/11/2017,3/18/2017,1,,,,0,99,17
India,429543544,0,338101602,9/28/2012,10/5/2012,2,,,,0,1,8
India,259247418,0,7291210,5/1/2016,5/8/2016,4,,,,0,65,8
India,486983067,1,299008776,12/20/2016,12/27/2016,3,,45,2,0,133,8
Italy,405310311,1,123455941,2/4/2012,2/11/2012,2,,38,1,0,6,0
Italy,822147755,1,617152194,3/11/2013,3/18/2013,2,,87,1,0,6,0
Italy,185212020,0,872178136,8/8/2015,8/15/2015,2,,,,0,82,17
Italy,726327109,0,22875539,11/22/2015,11/29/2015,4,,,,0,77,17
Jordan,644571608,0,879196429,9/3/2015,9/10/2015,2,,,,0,73,0
Malaysia,337297330,1,301611039,11/29/2010,12/6/2010,4,1,12,2,0,29,17
Malaysia,814762594,1,672855925,1/27/2011,2/3/2011,2,,16,2,0,29,17
Malaysia,448714213,1,266413136,9/27/2012,10/4/2012,3,,60,2,0,1,0
Mexico,581397382,0,511100413,7/22/2017,7/29/2017,2,,,,0,93,8
Philippines,636408441,1,530358996,4/8/2017,4/15/2017,1,,75,2,0,66,17
Russia,882544938,0,1757973,3/17/2013,3/24/2013,,,,,0,6,0
Saudi Arabia,609499026,0,324604510,1/10/2015,1/17/2015,2,,,,0,1,8
Saudi Arabia,544750105,1,579409172,4/2/2015,4/9/2015,2,,12,3,0,41,26
South Africa,288099237,0,373232943,7/1/2013,7/8/2013,2,2,,,0,29,17
Spain,243768325,1,769350515,7/12/2010,7/19/2010,,,86,1,0,5,0
Spain,971515119,1,222057323,10/18/2014,10/25/2014,2,,94,2,0,93,17
Swaziland,182765030,1,968358987,2/19/2011,2/26/2011,5,,75,2,0,29,17
Swaziland,464483484,0,531056320,9/24/2012,10/1/2012,2,,,,0,7,0
Uganda,584646592,1,530609166,4/14/2017,4/21/2017,2,,19,2,0,73,17
United Kingdom,543016956,0,676209802,2/28/2015,3/7/2015,,,,,0,1,0
United Kingdom,55633839,0,215676936,8/11/2017,8/18/2017,2,,,,0,2,0
United Kingdom,682595700,0,656633706,10/1/2017,10/8/2017,2,,,,0,2,17
United States,552072447,1,231365832,6/9/2012,6/16/2012,2,1,51,2,0,2,0
United States,453794529,1,905468885,11/10/2012,11/17/2012,3,1,3,2,0,1,0
United States,235312021,1,721629162,3/4/2013,3/11/2013,2,,33,2,0,29,17
United States,568026476,0,806559258,3/13/2013,3/20/2013,,,,,0,1,0
United States,906409322,0,206414800,5/29/2013,6/5/2013,,,,,0,29,17
United States,964897739,0,380978227,11/2/2013,11/9/2013,,,,,0,29,0
United States,464172396,1,71789597,11/25/2013,12/2/2013,2,,45,2,0,1,0
United States,875442795,1,614417004,1/19/2014,1/26/2014,1,,75,2,0,1,0
United States,641608624,0,594931868,2/13/2015,2/20/2015,2,,,,0,29,0
United States,486979599,1,143841175,3/4/2015,3/11/2015,2,,92,2,0,1,0
United States,115687506,0,855078373,3/23/2015,3/30/2015,2,,,,0,29,17
United States,683735312,0,127621519,10/6/2015,10/13/2015,1,,,,0,29,0
United States,878527990,1,523690262,12/5/2015,12/12/2015,2,,39,2,0,1,0
United States,356081129,0,24601632,8/12/2016,8/19/2016,2,,,,0,29,0
United States,324627996,0,193797716,12/24/2016,12/31/2016,,,,,0,66,0
United States,300009263,1,273464502,1/26/2017,2/2/2017,2,1,33,2,0,1,0
United States,75217182,0,500544381,8/16/2017,8/23/2017,2,,,,0,29,0
United States,845037075,1,457099268,9/2/2017,9/9/2017,2,,2,2,0,29,0
United States,461994889,1,247603667,10/18/2017,10/25/2017,2,2,34,2,0,1,17
United States,230016198,0,533448000,11/25/2017,12/2/2017,1,,,,0,1,17
United States,669697539,0,454152742,12/25/2017,1/1/2018,2,,,,0,89,17
Yemen,688826609,1,670490064,9/13/2013,9/20/2013,4,,66,3,0,41,26
Australia,462495949,0,261347106,10/9/2017,10/15/2017,2,,,,1,74,39
France,111561344,1,956712111,1/8/2017,1/14/2017,2,,34,1,1,87,39
India,293897691,0,239299946,7/18/2015,7/24/2015,3,,,,1,74,39
Jordan,548411594,0,865872523,11/27/2017,12/3/2017,2,,,,1,1,39
Pakistan,593761649,0,653382120,3/17/2016,3/23/2016,,,,,1,73,39
United Kingdom,513898316,1,914879649,9/9/2015,9/15/2015,2,,9,4,1,1,39
Algeria,104861773,0,399398450,9/17/2017,9/23/2017,2,,,,0,1,17
Argentina,345940171,1,485709027,12/31/2015,1/6/2016,6,,49,2,0,93,17
Argentina,868924868,0,752607714,1/2/2017,1/8/2017,2,,,,0,93,17
Australia,907671821,0,856182276,9/25/2013,10/1/2013,2,,,,0,29,17
Australia,877778674,0,901313261,9/8/2016,9/14/2016,1,,,,0,74,17
Bangladesh,6708604,0,574396096,3/7/2018,3/13/2018,2,,,,0,2,17
Brazil,965453950,0,641500582,12/30/2014,1/5/2015,,,,,0,2,0
Canada,55184664,0,612765963,5/1/2017,5/7/2017,2,,,,0,74,0
Canada,79300457,0,597985839,4/3/2018,4/9/2018,2,,,,0,29,0
Cyprus,463797696,0,472948310,12/30/2017,1/5/2018,2,,,,0,1,17
Ecuador,935864362,0,510029191,5/14/2015,5/20/2015,4,,,,0,93,17
Egypt,457886551,0,879433005,1/20/2016,1/26/2016,2,,,,0,1,0
France,920325273,1,691647585,3/6/2016,3/12/2016,2,,80,1,0,87,16
Germany,503755540,1,515369274,4/22/2011,4/28/2011,8,,74,1,0,7,0
Germany,101721123,0,913230583,3/27/2013,4/2/2013,3,1,,,0,1,0
Germany,268060203,1,251872517,12/26/2016,1/1/2017,2,,55,1,0,99,26
India,469944583,1,637928162,4/15/2017,4/21/2017,1,,8,2,0,41,30
Italy,638559524,0,270102364,4/12/2015,4/18/2015,1,,,,0,77,17
Italy,22795586,1,107866486,1/1/2017,1/7/2017,7,,47,1,0,77,17
Peru,428223799,1,103689136,11/13/2016,11/19/2016,2,,59,2,0,93,8
Spain,478449235,0,280514632,12/23/2016,12/29/2016,5,,,,0,90,8
Spain,91815848,0,682859437,12/29/2017,1/4/2018,8,1,,,0,89,17
United States,624683093,1,976766737,12/26/2011,1/1/2012,2,,94,2,0,29,17
United States,451219638,0,106914802,11/28/2013,12/4/2013,2,,,,0,1,0
United States,921565728,1,973677652,5/29/2014,6/4/2014,2,,33,4,0,1,8
United States,469120699,1,115369327,11/9/2014,11/15/2014,1,,46,2,0,1,17
United States,366566003,1,969119181,6/6/2015,6/12/2015,2,,55,2,0,1,8
United States,772037264,0,71791899,7/31/2016,8/6/2016,1,,,,0,65,0
United States,415441661,0,302999575,9/18/2016,9/24/2016,2,,,,0,29,17
United States,575938743,0,505514174,12/21/2016,12/27/2016,,,,,0,65,8
United States,998152639,0,65510241,3/1/2018,3/7/2018,1,1,,,0,145,141
Brazil,251091708,0,423722722,7/19/2017,7/24/2017,2,,,,1,106,39
Chile,486068609,0,222117264,3/1/2017,3/6/2017,2,,,,1,93,39
United States,743063686,0,35966647,10/25/2016,10/30/2016,6,,,,1,74,39
Argentina,727118837,1,56026606,1/28/2016,2/2/2016,2,1,85,2,0,1,0
Australia,338387799,1,648340525,11/26/2017,12/1/2017,4,,69,2,0,74,15
Australia,389293988,0,133616400,1/2/2018,1/7/2018,5,0,,,0,1,17
Brazil,432441691,0,844633146,10/21/2016,10/26/2016,2,,,,0,,15
Canada,851878695,0,255149248,9/10/2017,9/15/2017,2,,,,0,1,17
Egypt,991567790,0,997900946,10/24/2012,10/29/2012,,,,,0,1,0
Egypt,215559901,1,136551153,3/14/2016,3/19/2016,2,,92,2,0,41,30
Egypt,264032257,0,50496906,7/3/2017,7/8/2017,3,1,,,0,1,0
Egypt,456013054,1,769672187,8/11/2017,8/16/2017,6,,15,3,0,41,26
France,206191188,0,531246382,4/24/2016,4/29/2016,5,,,,0,87,17
France,670764523,0,687966649,10/26/2016,10/31/2016,2,,,,0,87,15
Germany,906940229,0,107138941,4/20/2015,4/25/2015,,,,,0,99,17
Germany,289736710,0,477673778,10/26/2017,10/31/2017,2,,,,0,99,17
India,215137593,0,566736771,12/24/2014,12/29/2014,,,,,0,1,0
India,281310641,0,629210912,12/23/2015,12/28/2015,,,,,0,65,8
Italy,753659868,0,208842572,12/28/2012,1/2/2013,,,,,0,6,0
Italy,764910462,1,12108522,12/30/2012,1/4/2013,2,,54,1,0,6,8
Italy,368137505,1,662435923,12/28/2017,1/2/2018,4,,40,1,0,81,16
Lebanon,876447691,0,429656690,9/25/2015,9/30/2015,1,,,,0,1,0
Mexico,393580923,0,282085573,12/26/2017,12/31/2017,2,,,,0,89,17
Morocco,704333741,0,98590746,2/8/2018,2/13/2018,2,,,,0,73,17
New Zealand,746183743,0,89142366,4/3/2015,4/8/2015,3,,,,0,1,0
Spain,389870665,0,84016716,6/23/2017,6/28/2017,2,2,,,0,89,0
Ukraine,657246254,1,507628674,12/25/2012,12/30/2012,3,,33,2,0,1,0
United Kingdom,520102807,1,769430256,4/16/2012,4/21/2012,2,,12,2,0,41,26
United States,256246491,1,896929648,5/14/2012,5/19/2012,2,,44,2,0,1,0
United States,128737264,0,100623182,1/8/2014,1/13/2014,1,,,,0,1,0
United States,186947881,1,297373167,1/15/2015,1/20/2015,2,,78,3,0,23,8
United States,766208772,1,277010722,3/12/2017,3/17/2017,2,,49,2,0,1,0
United States,339661291,0,853665252,9/18/2017,9/23/2017,,,,,0,1,0
United States,403859951,0,873882085,1/7/2018,1/12/2018,2,,,,0,1,17
Uruguay,984634906,1,185768175,2/18/2016,2/23/2016,1,,59,2,0,89,8
Brazil,316717698,0,19432537,2/17/2017,2/21/2017,4,,,,1,106,39
Brazil,747161891,0,828355101,5/14/2018,5/18/2018,1,,,,1,105,39
Egypt,520576124,0,702488663,1/26/2017,1/30/2017,4,,,,1,1,39
France,346827874,0,950888992,4/18/2016,4/22/2016,2,,,,1,87,39
France,713128851,0,758651090,6/27/2017,7/1/2017,2,,,,1,87,39
Germany,169544664,0,527853497,10/26/2017,10/30/2017,2,3,,,1,99,39
Peru,299575997,0,941633488,8/3/2015,8/7/2015,,,,,1,93,39
Albania,349573348,0,789966308,12/30/2012,1/3/2013,,,,,0,6,0
Argentina,850135742,1,541298045,12/25/2014,12/29/2014,2,,61,2,0,93,17
Argentina,917620880,1,891236985,8/12/2015,8/16/2015,2,,11,2,0,93,8
Argentina,656394642,1,25437316,1/12/2017,1/16/2017,2,,68,2,0,93,8
Australia,131295987,1,591862781,1/15/2017,1/19/2017,3,,81,2,0,1,0
Australia,2655755,1,329362796,5/18/2017,5/22/2017,2,,29,2,0,1,15
Brazil,518169630,0,347826711,6/27/2016,7/1/2016,2,,,,0,2,17
Canada,480740929,0,641635201,10/16/2015,10/20/2015,1,,,,0,1,0
Chile,604969392,1,5521959,9/28/2011,10/2/2011,2,,64,2,0,23,8
Chile,392125235,0,213586573,5/7/2013,5/11/2013,,,,,0,5,17
Chile,709410541,1,473709241,5/19/2014,5/23/2014,2,,61,2,0,93,15
Colombia,868447952,1,786638367,6/12/2013,6/16/2013,2,,73,2,0,29,0
Cuba,933100877,0,718418974,4/16/2017,4/20/2017,2,,,,0,93,17
Egypt,14318936,0,294473350,1/13/2014,1/17/2014,2,2,,,0,,0
Egypt,593130631,1,466254010,2/20/2014,2/24/2014,1,,34,2,0,63,16
Egypt,899164214,0,822974482,9/12/2014,9/16/2014,,,74,3,0,57,40
Egypt,157542708,0,111750535,12/29/2014,1/2/2015,3,1,,,0,1,0
Egypt,535231950,1,470651819,7/17/2016,7/21/2016,2,,98,3,0,1,8
Egypt,560559399,1,547583069,9/28/2016,10/2/2016,2,1,21,3,0,41,26
Egypt,85555081,0,721497296,1/2/2017,1/6/2017,1,,,,0,1,0
France,54478321,1,23239937,5/14/2010,5/18/2010,2,,97,1,0,1,17
France,472408009,0,2008190,10/30/2012,11/3/2012,2,,,,0,2,0
France,92297888,0,264846628,12/16/2015,12/20/2015,4,1,,,0,87,17
India,854801265,0,858520368,10/13/2013,10/17/2013,3,,,,0,1,0
India,881708364,1,578500284,10/11/2014,10/15/2014,1,,16,2,0,41,30
India,328581522,0,631843753,3/19/2018,3/23/2018,2,1,,,0,29,0
Italy,640958332,1,831592232,10/19/2016,10/23/2016,2,1,88,1,0,81,17
Italy,363412501,1,630768730,3/25/2017,3/29/2017,2,,32,1,0,77,8
Italy,261749565,0,669434661,7/19/2017,7/23/2017,3,,,,0,81,17
Japan,739846225,0,759652519,5/9/2014,5/13/2014,2,,,,0,1,8
Malaysia,1350906,0,176273347,12/29/2016,1/2/2017,2,,,,0,65,0
Peru,215765319,0,399375794,12/14/2016,12/18/2016,1,,,,0,93,8
Philippines,822727996,0,648109475,5/6/2017,5/10/2017,2,,,,0,56,0
South Africa,55486181,0,708007260,5/13/2015,5/17/2015,1,,,,0,1,0
Uganda,228622650,1,52621494,6/4/2016,6/8/2016,2,,55,2,0,1,0
United Kingdom,263137701,0,88986432,4/14/2013,4/18/2013,,,,,0,29,17
United Kingdom,579836407,0,357538560,10/10/2016,10/14/2016,,,,,0,2,17
United Kingdom,182505674,0,511113840,9/25/2017,9/29/2017,2,,,,0,2,17
United States,717580334,1,375850294,7/26/2010,7/30/2010,1,,23,2,0,1,0
United States,325534350,1,512270395,1/27/2014,1/31/2014,4,1,76,2,0,1,8
United States,356838027,0,819703136,3/31/2015,4/4/2015,2,2,,,0,1,17
United States,431591294,0,16474160,2/15/2016,2/19/2016,2,,,,0,145,141
United States,743177293,0,886092898,4/27/2016,5/1/2016,2,,,,0,1,0
United States,606695071,0,487998286,7/4/2016,7/8/2016,2,,,,0,29,0
United States,786955535,0,655461762,11/11/2016,11/15/2016,2,,,,0,65,8
United States,141952980,0,2479603,1/2/2017,1/6/2017,,,,,0,1,8
United States,969670536,0,797284522,10/20/2017,10/24/2017,3,3,,,0,29,0
Argentina,890992798,1,254650793,4/1/2015,4/4/2015,1,,55,2,1,89,39
Australia,679844915,0,895979912,9/30/2017,10/3/2017,2,,,,1,2,39
Bangladesh,914761225,0,837961115,10/17/2014,10/20/2014,,,,,1,75,39
Brazil,392645564,1,161745993,3/20/2017,3/23/2017,2,,68,2,1,101,39
Brazil,437862089,0,650437817,5/25/2017,5/28/2017,2,,,,1,105,39
Brazil,788103456,0,877024510,6/24/2017,6/27/2017,3,,,,1,105,39
Canada,424317872,0,665812644,9/15/2016,9/18/2016,2,,,,1,69,39
Colombia,322761907,0,369286318,9/23/2017,9/26/2017,3,,,,1,89,39
India,102980048,0,447110324,2/14/2015,2/17/2015,,,,,1,65,39
India,327454364,0,943021585,12/29/2017,1/1/2018,2,1,,,1,1,39
Italy,151896769,1,557185374,11/12/2016,11/15/2016,2,,20,1,1,77,39
Mexico,620768580,0,988917915,5/24/2017,5/27/2017,2,,,,1,90,39
Australia,925463903,1,450980650,1/10/2011,1/13/2011,2,1,56,2,0,1,0
Australia,194732640,1,708893085,9/14/2012,9/17/2012,2,2,12,2,0,2,0
Australia,658921207,1,699889954,8/7/2013,8/10/2013,2,,34,2,0,1,0
Australia,626481734,1,711935440,11/27/2013,11/30/2013,1,,58,2,0,1,0
Australia,647187546,1,764084674,10/15/2015,10/18/2015,1,,25,2,0,1,0
Australia,724025819,0,326956655,8/22/2016,8/25/2016,2,,,,0,65,17
Australia,181315539,0,956478192,12/29/2016,1/1/2017,2,,,,0,65,0
Australia,165257659,0,971880859,1/9/2018,1/12/2018,2,,,,0,74,17
Bolivia,386101073,0,173214966,8/15/2016,8/18/2016,,,,,0,93,17
Canada,115462984,0,938354961,4/5/2013,4/8/2013,,,,,0,1,0
China,228302748,1,321374460,5/9/2016,5/12/2016,2,,85,2,0,1,0
Ecuador,744347986,1,219665411,6/5/2017,6/8/2017,7,,13,2,0,93,26
Egypt,672724613,1,637576553,2/7/2012,2/10/2012,1,,81,1,0,41,30
Egypt,378173476,1,927845605,8/31/2012,9/3/2012,3,1,6,3,0,41,40
Egypt,417341967,1,145108365,8/7/2015,8/10/2015,2,2,83,3,0,41,26
Egypt,45043904,1,65666059,11/8/2015,11/11/2015,2,,63,2,0,41,30
Egypt,218773182,1,177439607,12/29/2015,1/1/2016,2,,53,3,0,57,40
Egypt,979401508,1,550267313,2/1/2016,2/4/2016,6,,44,3,0,57,40
Egypt,75570680,0,221297943,9/22/2017,9/25/2017,2,,,,0,1,17
France,36449180,0,556807342,11/2/2012,11/5/2012,2,,,,0,1,0
France,474930010,0,958103935,2/11/2015,2/14/2015,2,,,,0,2,17
France,151588174,0,714975653,10/19/2015,10/22/2015,1,1,,,0,87,17
France,533191136,1,146940652,10/26/2015,10/29/2015,2,,80,1,0,87,17
France,371783426,1,956751883,10/7/2016,10/10/2016,3,,59,1,0,87,17
Germany,916901103,1,688366003,3/21/2012,3/24/2012,2,,3,2,0,9,16
India,729553064,0,895994713,1/2/2013,1/5/2013,5,2,,,0,29,17
India,881938393,1,302687,4/6/2015,4/9/2015,3,,27,2,0,1,0
India,444685311,0,490639028,9/7/2016,9/10/2016,2,,,,0,1,0
India,517574739,0,102748572,5/5/2017,5/8/2017,2,,,,0,2,17
India,348069046,0,836612107,6/26/2017,6/29/2017,3,,,,0,29,0
Ireland,291846410,0,483063843,5/29/2010,6/1/2010,,,,,0,1,8
Ireland,555110038,1,721687382,4/28/2013,5/1/2013,2,,43,4,0,1,0
Ireland,917382114,0,108425486,4/20/2017,4/23/2017,2,,,,0,2,8
Italy,881670993,1,993471563,12/7/2016,12/10/2016,2,,1,1,0,81,17
Italy,877857371,1,140626326,12/30/2016,1/2/2017,2,,75,1,0,77,8
Italy,362798497,1,929588780,6/13/2017,6/16/2017,2,,42,1,0,77,26
Pakistan,460548429,0,665281511,12/13/2016,12/16/2016,,,,,0,1,0
Singapore,483100246,1,518965972,12/10/2016,12/13/2016,2,2,11,2,0,1,0
Spain,607397389,1,829201876,4/18/2011,4/21/2011,2,2,78,1,0,5,0
Spain,171284762,1,481890881,6/21/2015,6/24/2015,4,,88,2,0,1,16
Trinidad and Tobago,411081923,0,524349174,4/17/2017,4/20/2017,1,,,,0,65,17
United Kingdom,658085795,1,744072751,12/17/2011,12/20/2011,2,2,39,4,0,29,17
United Kingdom,686591798,0,297007086,10/30/2013,11/2/2013,1,,,,0,29,17
United Kingdom,998813713,0,764879604,8/8/2014,8/11/2014,1,,,,0,1,0
United Kingdom,680303269,1,824237335,9/22/2014,9/25/2014,2,,74,4,0,1,0
United Kingdom,737303157,1,941472364,1/22/2016,1/25/2016,2,,21,2,0,133,16
United Kingdom,992039421,0,62928855,5/15/2016,5/18/2016,5,,,,0,1,0
United Kingdom,217480111,1,491182540,1/30/2017,2/2/2017,2,,5,4,0,2,0
United States,289741016,1,535704116,6/22/2011,6/25/2011,2,,69,2,0,1,0
United States,630773665,0,480257880,7/21/2012,7/24/2012,,,,,0,56,0
United States,169712525,1,7774969,12/26/2013,12/29/2013,6,,84,2,0,1,0
United States,754017523,0,180703769,1/24/2014,1/27/2014,1,,,,0,1,0
United States,974929299,0,787898055,4/11/2014,4/14/2014,4,,,,0,1,8
United States,373404586,1,696751063,2/6/2015,2/9/2015,1,,4,2,0,1,0
United States,834382612,1,305740760,11/23/2015,11/26/2015,2,3,94,2,0,1,0
United States,58725542,0,578661689,12/30/2016,1/2/2017,4,2,,,0,66,17
United States,100144882,1,261935882,5/8/2017,5/11/2017,12,,58,2,0,1,0
United States,819659526,1,566355734,6/24/2017,6/27/2017,1,,22,2,0,1,17
Canada,238389609,0,268037173,1/2/2017,1/4/2017,2,2,,,1,65,39
Australia,905372573,0,721060797,12/8/2016,12/10/2016,5,,,,0,65,0
Brazil,206395596,0,190209615,10/8/2016,10/10/2016,1,,,,0,105,17
Egypt,593604217,0,593183379,7/26/2015,7/28/2015,,,,,0,57,40
Egypt,237165556,1,780513104,3/29/2017,3/31/2017,1,,6,3,0,41,30
France,783937912,1,384851548,5/19/2014,5/21/2014,2,,3,2,0,41,30
India,668065175,1,581306845,11/18/2010,11/20/2010,8,,63,2,0,1,17
India,405052131,1,455519811,12/11/2015,12/13/2015,1,,22,4,0,1,17
India,81095534,0,193305825,10/27/2017,10/29/2017,2,,,,0,29,0
Ireland,304296123,0,525487688,10/23/2016,10/25/2016,4,1,,,0,1,0
Italy,984830665,1,759527613,8/12/2013,8/14/2013,2,,15,1,0,6,0
Italy,926469696,1,811998269,4/1/2015,4/3/2015,7,,59,1,0,77,8
Salvadora,63203185,0,346314781,6/4/2016,6/6/2016,1,,,,0,74,0
Spain,299696412,1,239207539,8/18/2011,8/20/2011,2,,31,1,0,23,40
United Kingdom,119616504,1,466442582,8/18/2016,8/20/2016,1,,,,0,1,0
United States,224474082,1,380226273,1/19/2011,1/21/2011,2,,66,2,0,1,8
United States,581788772,1,593914437,11/20/2011,11/22/2011,2,,65,2,0,1,0
United States,800538219,1,603969612,4/7/2013,4/9/2013,2,,14,2,0,1,0
United States,833009990,0,339244220,8/9/2013,8/11/2013,10,,,,0,1,17
United States,519698046,1,42919406,11/23/2013,11/25/2013,1,,57,2,0,1,0
United States,889118416,1,329052728,12/21/2014,12/23/2014,2,,71,2,0,29,26
United States,611232928,0,825629626,5/15/2015,5/17/2015,,,,,0,1,0
United States,662206732,1,194230586,12/20/2016,12/22/2016,2,,86,2,0,1,17
United States,250379353,1,795677004,8/22/2017,8/24/2017,1,,52,2,0,2,17
United States,866571296,0,934800034,9/20/2017,9/22/2017,2,,,,0,1,16
United States,939818210,0,277930100,10/2/2017,10/4/2017,2,,,,0,66,17
India,843990834,0,311429690,8/27/2015,8/28/2015,14,,,,1,74,39
United States,717743352,0,157718206,5/6/2014,5/7/2014,2,,,,1,74,39
Australia,797996122,1,537509771,10/1/2012,10/2/2012,2,,83,2,0,1,0
Australia,420930087,1,553519610,1/4/2014,1/5/2014,2,,40,2,0,1,0
Australia,611148769,1,936189442,3/17/2018,3/18/2018,1,,91,2,0,1,17
Bangladesh,274564756,1,449234195,9/9/2017,9/10/2017,25,,73,2,0,23,8
Brazil,741294520,0,996388214,5/29/2010,5/30/2010,,,,,0,29,8
Brazil,943264836,1,689332268,12/22/2012,12/23/2012,2,,12,2,0,2,0
Brazil,604746301,1,990616827,4/20/2017,4/21/2017,1,,25,2,0,101,17
Canada,754748119,1,101787621,11/10/2016,11/11/2016,3,,6,2,0,74,8
Colombia,625824600,1,335396009,3/12/2017,3/13/2017,2,,66,2,0,93,8
Egypt,944080897,0,767976159,5/24/2017,5/25/2017,1,,,,0,1,0
France,829737052,0,25058983,8/19/2017,8/20/2017,2,2,,,0,87,17
France,609504054,0,890946499,12/30/2017,12/31/2017,2,,13,1,0,87,17
Germany,980164022,1,766478733,10/18/2010,10/19/2010,2,,21,1,0,37,16
Germany,819527220,0,710760771,3/31/2017,4/1/2017,1,,,,0,97,17
Greece,39809032,1,587621045,4/15/2012,4/16/2012,4,,71,2,0,1,0
India,472873499,1,453281458,2/16/2013,2/17/2013,7,,88,4,0,1,0
India,528393467,1,116746577,5/21/2015,5/22/2015,2,,71,2,0,2,8
India,983076942,0,634571995,7/4/2016,7/5/2016,4,2,,,0,1,8
India,191959446,0,976711650,4/12/2017,4/13/2017,1,,,,0,1,15
Italy,181875437,1,783792406,11/6/2012,11/7/2012,2,1,48,1,0,6,0
Italy,341526663,1,229416364,3/25/2016,3/26/2016,3,,97,1,0,153,169
Italy,817936308,0,428455284,12/17/2016,12/18/2016,2,1,,,0,81,15
Japan,369598764,1,153722067,7/8/2015,7/9/2015,1,,5,2,0,41,30
New Zealand,648817439,0,935680380,10/21/2017,10/22/2017,2,,,,0,1,0
Philippines,448944511,1,23295094,6/6/2017,6/7/2017,2,,7,2,0,1,17
Romania,615367454,0,937169223,8/19/2015,8/20/2015,2,,,,0,73,17
Russia,253135431,0,854667845,11/27/2012,11/28/2012,2,1,,,0,58,0
Russia,566318775,0,442011394,12/10/2013,12/11/2013,2,,,,0,1,0
South Africa,103018805,1,651521130,8/20/2012,8/21/2012,2,,23,2,0,1,0
South Korea,602997080,1,966637062,8/24/2013,8/25/2013,3,1,20,2,0,1,0
United Kingdom,783139341,1,812669935,8/4/2012,8/5/2012,3,,10,4,0,2,0
United Kingdom,561918589,1,383993113,12/21/2014,12/22/2014,3,1,99,4,0,1,0
United Kingdom,646580854,1,903293937,4/3/2015,4/4/2015,4,3,87,4,0,2,0
United Kingdom,881462613,0,189579590,4/12/2017,4/13/2017,4,,,,0,1,15
United States,530041139,1,288989963,9/12/2010,9/13/2010,2,,76,2,0,1,0
United States,984527050,1,394492666,1/30/2011,1/31/2011,2,,7,2,0,2,17
United States,966957989,0,156006979,11/22/2011,11/23/2011,26,,,,0,2,0
United States,485035201,0,951555110,3/6/2013,3/7/2013,,,,,0,1,0
United States,820440232,0,628237710,6/5/2013,6/6/2013,3,,,,0,56,17
United States,967109738,1,5754361,1/3/2016,1/4/2016,2,,24,2,0,1,0
United States,304085780,1,662501002,8/4/2016,8/5/2016,2,1,28,2,0,1,0
United States,193521576,0,426238344,11/28/2016,11/29/2016,2,,,,0,1,0
United States,808486815,1,185208392,1/17/2017,1/18/2017,2,,31,2,0,,0
United States,55633611,0,753164205,3/6/2017,3/7/2017,1,,,,0,1,0
United States,151845404,1,825570968,10/13/2017,10/14/2017,2,,7,2,0,1,17
United States,175855622,1,125265113,4/4/2018,4/5/2018,2,,86,2,0,74,8
Argentina,326533061,0,967189856,10/10/2016,10/10/2016,2,,,,1,91,39
Argentina,914463399,0,503060002,1/19/2017,1/19/2017,,,,,1,94,39
Bahamas,834357907,0,125356959,3/10/2016,3/10/2016,,,,,1,93,39
Brazil,703706861,0,807974610,8/27/2014,8/27/2014,,,,,1,105,39
Brazil,432942382,0,707115176,1/3/2015,1/3/2015,,,,,1,105,39
Brazil,246432181,0,402098326,1/26/2015,1/26/2015,,,,,1,105,39
Brazil,180821195,0,876344330,3/13/2015,3/13/2015,,,,,1,105,39
Brazil,81807637,0,485773669,4/20/2015,4/20/2015,3,1,,,1,105,39
Brazil,558079338,0,92026978,6/6/2015,6/6/2015,2,,,,1,105,39
Brazil,159260321,0,37013529,6/14/2015,6/14/2015,1,,,,1,105,39
Brazil,551564240,0,845776151,1/30/2016,1/30/2016,,,,,1,105,39
Brazil,357844979,1,262589873,10/26/2016,10/26/2016,2,,45,2,1,101,39
Brazil,558994966,0,269152572,12/1/2016,12/1/2016,,,,,1,101,39
Brazil,929427754,0,112845149,12/1/2017,12/1/2017,1,,,,1,103,39
Colombia,385797034,0,907056208,4/3/2016,4/3/2016,2,1,,,1,93,39
Colombia,580978656,0,454746920,2/15/2017,2/15/2017,0,,,,1,91,39
France,144322648,1,192034699,8/25/2017,8/25/2017,2,1,57,1,1,87,39
France,327875560,0,537797352,2/3/2018,2/3/2018,8,2,,,1,93,39
India,788974504,1,416540449,8/26/2015,8/26/2015,1,,34,2,1,2,39
India,650846100,0,689174497,9/18/2015,9/18/2015,4,,,,1,65,39
India,856564855,0,167021268,9/26/2015,9/26/2015,2,,,,1,1,39
India,489682598,0,775899081,10/17/2015,10/17/2015,,,,,1,73,39
India,738635517,0,362553696,2/9/2016,2/9/2016,,,,,1,1,39
India,101044798,0,9437521,12/2/2017,12/2/2017,1,,,,1,1,39
Italy,505031341,0,463497346,2/17/2013,2/17/2013,2,2,,,1,6,39
Italy,306675955,0,529172691,6/10/2013,6/10/2013,,,,,1,6,39
Italy,236161401,0,116165647,8/10/2013,8/10/2013,,,,,1,6,39
Italy,493083831,0,580828203,12/22/2013,12/22/2013,4,,,,1,6,39
Italy,901174548,0,657970532,4/25/2014,4/25/2014,,,,,1,81,39
Italy,844400399,0,895728600,9/18/2014,9/18/2014,,,,,1,82,39
Italy,54506496,0,968651346,12/27/2014,12/27/2014,,,,,1,79,39
Italy,362708602,0,403677012,11/13/2015,11/13/2015,,,,,1,77,39
Italy,24139240,1,753630072,2/4/2017,2/4/2017,3,1,22,1,1,77,39
Italy,223022994,0,325990734,8/13/2017,8/13/2017,2,,,,1,81,39
Italy,963855488,0,468583448,3/25/2018,3/25/2018,3,,,,1,79,39
Mexico,251342070,0,900040186,12/25/2017,12/25/2017,2,,,,1,89,39
Peru,481989420,0,80410155,5/16/2015,5/16/2015,,,,,1,91,39
Peru,773723528,0,853801807,4/4/2017,4/4/2017,2,,,,1,1,39
South Africa,285262354,0,268412378,7/14/2015,7/14/2015,,,,,1,1,39
Spain,272763720,0,815491597,8/5/2015,8/5/2015,,,,,1,65,39
Spain,725451557,0,203700768,3/1/2017,3/1/2017,1,,,,1,99,39
Spain,927060962,0,373602335,3/31/2018,3/31/2018,4,,,,1,93,39
United Kingdom,985916650,0,10596753,9/4/2015,9/4/2015,2,,,,1,2,39
United Kingdom,656097218,0,308986521,11/9/2016,11/9/2016,2,,,,1,2,39
United Kingdom,884259472,0,904279864,1/30/2018,1/30/2018,2,,,,1,2,39
United Kingdom,447411334,0,885446485,3/29/2018,3/29/2018,3,,,,1,2,39
United States,225134847,0,827466514,11/6/2015,11/6/2015,,,,,1,65,39
United States,138078305,1,659528343,12/18/2015,12/18/2015,1,,96,2,1,74,39
United States,119588267,0,698627631,7/10/2016,7/10/2016,,,,,1,66,39
United States,563392161,0,865162450,9/22/2016,9/22/2016,1,,,,1,89,39
United States,588981123,0,141464609,10/15/2016,10/15/2016,2,,,,1,74,39
United States,199291984,0,349274427,5/27/2017,5/27/2017,2,,,,1,2,39
United States,67371413,0,534932224,8/1/2018,8/1/2018,2,,,,1,1,39
Afghanistan,441331956,0,247833002,,,,,,,0,,0
Algeria,823189298,0,220724126,,,,,,,0,,0
Andorra,793647801,0,136483461,12/26/2016,12/26/2016,,,,,0,1,0
Anguilla,956211889,0,625178388,7/29/2013,7/29/2013,,,,,0,6,0
Argentina,777039241,0,76874383,4/4/2013,4/4/2013,,,,,0,5,17
Argentina,303441058,0,524713250,7/18/2014,7/18/2014,,,,,0,93,16
Argentina,654478767,0,914144053,4/16/2015,4/16/2015,,,,,0,93,17
Argentina,701142309,0,220421590,5/7/2015,5/7/2015,,,,,0,93,17
Argentina,539143917,0,873338445,6/26/2015,6/26/2015,,,,,0,90,16
Argentina,685971981,1,345900760,8/7/2015,8/7/2015,1,,86,2,0,89,17
Argentina,639304237,0,82644859,2/26/2016,2/26/2016,3,,,,0,5,0
Argentina,266761026,0,137570168,6/26/2016,6/26/2016,1,,,,0,90,17
Argentina,58723001,0,995079150,9/8/2016,9/8/2016,4,,,,0,93,15
Argentina,319374889,0,59066144,9/9/2016,9/9/2016,,,,,0,90,17
Argentina,619361130,0,156128115,2/2/2017,2/2/2017,3,,,,0,93,8
Argentina,908920933,1,386644753,2/17/2017,2/17/2017,3,2,34,2,0,89,26
Argentina,456343289,0,234756731,10/14/2017,10/14/2017,1,,,,0,89,17
Argentina,804381422,0,67399392,2/3/2018,2/3/2018,3,,,,0,93,8
Argentina,625114613,0,374952733,3/17/2018,3/17/2018,2,,,,0,94,8
Argentina,772000852,0,305606214,,,,,,,0,,0
Argentina,555329595,0,536636767,,,,,,,0,,0
Australia,634986385,1,402235519,1/30/2011,1/30/2011,4,,4,2,0,1,0
Australia,807378836,0,619812928,8/23/2012,8/23/2012,,,,,0,29,17
Australia,931671132,1,207973562,8/28/2012,8/28/2012,2,,4,2,0,9,16
Australia,530479558,0,354174986,5/18/2013,5/18/2013,,,,,0,1,8
Australia,824658536,0,698028127,4/23/2015,4/23/2015,,,,,0,74,17
Australia,640204960,0,688068231,10/1/2015,10/1/2015,2,,62,2,0,1,17
Australia,532237010,1,515325091,9/21/2016,9/21/2016,2,1,16,2,0,65,17
Australia,902978676,0,630760114,10/1/2016,10/1/2016,,,,,0,1,0
Australia,659565085,1,355005935,10/10/2016,10/10/2016,2,,26,2,0,74,8
Australia,452473856,0,205276733,4/1/2017,4/1/2017,2,,,,0,66,17
Australia,767894879,0,168370956,10/9/2017,10/9/2017,2,,,,0,1,17
Austria,608741985,0,738884916,1/11/2013,1/11/2013,,,,,0,1,0
Austria,139121313,0,487390950,2/20/2015,2/20/2015,,,,,0,99,16
Bahrain,8702895,0,403738501,10/15/2016,10/15/2016,,,,,0,65,0
Belgium,570060189,0,87368682,10/31/2012,10/31/2012,,,,,0,1,0
Belgium,393091553,0,562245474,3/29/2013,3/29/2013,4,,,,0,56,0
Belgium,758585463,1,172940566,11/20/2014,11/20/2014,2,,74,2,0,65,0
Belgium,126362327,0,940912149,,,,,,,0,4,0
Bolivia,808333311,0,647289503,10/2/2013,10/2/2013,,,,,0,5,16
Bolivia,826092094,0,75732954,12/26/2015,12/26/2015,5,,,,0,93,17
Brazil,930327784,1,220503690,1/22/2012,1/22/2012,3,,73,2,0,29,17
Brazil,538738822,0,571971372,11/1/2013,11/1/2013,,,,,0,59,17
Brazil,686151741,0,898167568,3/1/2014,3/1/2014,6,,,,0,101,17
Brazil,768940874,0,622669599,12/12/2014,12/12/2014,,,,,0,93,8
Brazil,153709254,0,73173699,3/10/2015,3/10/2015,2,,,,0,105,17
Brazil,269038880,0,137803941,1/12/2016,1/12/2016,2,,,,0,59,0
Brazil,595927127,0,620483506,2/1/2016,2/1/2016,,,,,0,105,8
Brazil,219553391,0,90643974,3/1/2016,3/1/2016,2,,,,0,105,17
Brazil,71672941,0,888669697,6/9/2016,6/9/2016,,,,,0,101,8
Brazil,398203850,0,735026354,7/3/2016,7/3/2016,,,,,0,102,167
Brazil,914775215,1,845142639,9/23/2016,9/23/2016,2,,56,2,0,93,26
Brazil,361326571,0,45845184,12/17/2016,12/17/2016,,,,,0,102,0
Brazil,827599492,0,607025455,3/5/2017,3/5/2017,2,,,,0,75,16
Brazil,285787815,0,547146453,4/28/2017,4/28/2017,4,,,,0,101,8
Brazil,593897142,0,945868812,5/11/2017,5/11/2017,2,,,,0,105,8
Brazil,242298527,0,472250976,6/6/2017,6/6/2017,2,,,,0,106,17
Brazil,687437995,0,194386259,3/3/2018,3/3/2018,2,,,,0,105,8
Brazil,363093490,0,972896983,5/5/2018,5/5/2018,3,,,,0,105,26
Brazil,470146853,0,231250224,,,,,,,0,29,17
Brunei,661364077,0,593504586,8/28/2013,8/28/2013,,,,,0,1,0
Canada,574799010,0,31316694,5/17/2013,5/17/2013,,,,,0,56,0
Canada,669122803,0,778202319,5/1/2014,5/1/2014,2,,,,0,29,8
Canada,233666557,0,484957408,9/8/2014,9/8/2014,2,,,,0,1,0
Canada,658977255,0,78986446,10/13/2014,10/13/2014,1,,,,0,1,0
Canada,41188190,1,932732893,10/29/2016,10/29/2016,1,,15,2,0,74,17
Canada,171184886,0,342024645,3/1/2017,3/1/2017,2,,,,0,2,0
Canada,735369192,1,454162624,7/27/2017,7/27/2017,2,,94,2,0,1,0
Canada,506631406,1,795555197,10/5/2017,10/5/2017,1,,38,2,0,1,17
Chile,647445179,0,600861297,1/13/2013,1/13/2013,,,,,0,5,0
China,985626371,0,578782646,4/28/2017,4/28/2017,2,,78,2,0,2,17
Colombia,480574751,0,56848576,9/26/2015,9/26/2015,1,,,,0,93,17
Colombia,171802435,0,410706829,12/28/2015,12/28/2015,,,,,0,93,17
Colombia,124870409,0,218068537,4/1/2016,4/1/2016,2,,,,0,89,17
Colombia,724286730,0,385031852,1/1/2017,1/1/2017,,,,,0,93,17
Costa Rica,834769237,0,906530832,12/1/2014,12/1/2014,,,,,0,93,8
Denmark,29898997,0,930065740,3/26/2018,3/26/2018,10,,,,0,1,0
Ecuador,350202143,0,945495161,12/29/2012,12/29/2012,4,2,,,0,29,17
Ecuador,970802726,0,883613180,9/26/2017,9/26/2017,3,,,,0,93,8
Egypt,85998231,1,82786082,9/6/2011,9/6/2011,2,,53,2,0,29,15
Egypt,625720735,0,300472267,4/1/2013,4/1/2013,,,,,0,29,0
Egypt,189199781,1,590222351,4/16/2014,4/16/2014,1,,56,3,0,57,40
Egypt,53479443,0,322312559,8/23/2014,8/23/2014,1,,,,0,127,0
Egypt,43308937,1,705249596,8/25/2014,8/25/2014,5,,63,3,0,23,26
Egypt,819598407,1,203734420,9/18/2014,9/18/2014,2,,44,2,0,29,0
Egypt,842370655,0,424769174,12/28/2015,12/28/2015,,,,,0,1,0
Egypt,500852896,0,375233456,9/6/2017,9/6/2017,,,,,0,57,40
Egypt,389956333,0,56127993,6/18/2018,6/18/2018,2,,,,0,6,15
Egypt,358141415,0,35329131,,,,,,,0,1,0
Egypt,813159611,0,748862650,,,,,,,0,1,0
Egypt,173278995,0,249429775,,,,,,,0,1,0
France,945335122,1,759070877,11/2/2010,11/2/2010,5,2,68,1,0,4,16
France,858168688,1,998217548,3/4/2011,3/4/2011,6,1,82,1,0,4,17
France,554287563,0,635152473,10/5/2011,10/5/2011,,,,,0,4,40
France,390702551,1,581143093,1/4/2013,1/4/2013,2,2,85,1,0,4,15
France,225347742,0,704550010,11/4/2014,11/4/2014,,,,,0,87,0
France,343283097,0,53198591,12/31/2014,12/31/2014,,,,,0,87,0
France,55959500,0,255960080,7/18/2015,7/18/2015,1,,,,0,87,17
France,171767489,0,832185246,6/11/2016,6/11/2016,5,,,,0,1,0
France,101772153,0,111383932,9/15/2016,9/15/2016,,,,,0,4,0
France,217265867,0,836974202,9/15/2016,9/15/2016,,,,,0,4,0
France,352000571,0,302160307,12/7/2016,12/7/2016,2,,,,0,185,16
France,763508922,0,573272344,1/2/2017,1/2/2017,2,,,,0,88,17
France,943707823,1,206603540,2/16/2017,2/16/2017,2,,75,1,0,87,17
Germany,824915186,0,195299372,2/20/2012,2/20/2012,,,,,0,7,17
Germany,5943981,1,821536511,4/9/2012,4/9/2012,8,,56,1,0,7,0
Germany,63394883,1,742031427,4/11/2012,4/11/2012,6,2,68,1,0,7,0
Germany,120092601,1,434606016,6/11/2012,6/11/2012,6,,71,1,0,7,0
Germany,680408818,1,840655833,6/11/2012,6/11/2012,2,2,12,1,0,7,17
Germany,355485917,0,333083127,6/25/2012,6/25/2012,2,,,,0,7,0
Germany,192149647,1,79879795,11/24/2012,11/24/2012,2,,49,1,0,1,16
Germany,31853081,0,35011725,12/4/2012,12/4/2012,1,,,,0,7,0
Germany,260283390,1,499960035,12/14/2012,12/14/2012,1,,52,2,0,9,16
Germany,130342323,0,540291533,1/23/2013,1/23/2013,,,,,0,7,17
Germany,848025291,1,963650833,2/17/2013,2/17/2013,4,,32,1,0,7,16
Germany,57157831,0,631440517,4/15/2013,4/15/2013,2,,,,0,7,0
Germany,202630867,0,872603204,5/1/2014,5/1/2014,,,,,0,99,17
Germany,400884710,0,127154838,8/14/2014,8/14/2014,,,,,0,99,15
Germany,920374030,0,666633075,10/15/2014,10/15/2014,,,,,0,99,17
Germany,946960760,0,963675297,12/30/2014,12/30/2014,,,,,0,65,17
Germany,398440093,1,686130067,7/17/2015,7/17/2015,4,,69,1,0,1,0
Germany,124398833,1,875071994,4/3/2016,4/3/2016,4,,5,1,0,97,16
Germany,392732477,0,507548226,10/28/2016,10/28/2016,2,,,,0,95,15
Germany,234909131,0,213527363,12/15/2016,12/15/2016,1,,,,0,97,8
Germany,473373518,0,208962657,4/18/2017,4/18/2017,1,,,,0,97,17
India,113329702,0,876695497,12/22/2012,12/22/2012,2,,,,0,29,17
India,628206352,1,701776582,2/13/2013,2/13/2013,3,,90,2,0,1,0
India,859000402,0,301639526,4/26/2013,4/26/2013,,,,,0,29,17
India,903020115,0,451596592,7/30/2013,7/30/2013,,,,,0,1,8
India,366798269,0,97597357,10/19/2014,10/19/2014,,,,,0,1,0
India,761929666,0,791437966,10/24/2014,10/24/2014,4,,,,0,1,0
India,382176953,0,516922955,11/30/2014,11/30/2014,3,,,,0,75,0
India,134612694,0,214918174,11/30/2014,11/30/2014,2,,,,0,1,8
India,593922846,0,456814584,5/6/2015,5/6/2015,2,,,,0,1,0
India,141207289,0,393239273,10/9/2015,10/9/2015,,,,,0,74,0
India,851205235,0,732274481,11/8/2015,11/8/2015,4,,,,0,65,8
India,872908026,0,394201400,12/18/2015,12/18/2015,,,,,0,29,0
India,407988270,0,518863002,12/30/2015,12/30/2015,3,,,,0,65,17
India,662009669,0,26318750,3/12/2016,3/12/2016,2,,,,0,65,16
India,312627282,0,973136410,10/18/2016,10/18/2016,,,,,0,65,0
India,518383836,0,591304928,11/21/2016,11/21/2016,,,,,0,2,0
India,783472284,0,736619426,,,,,,,0,,0
Ireland,716695321,1,774680219,9/7/2015,9/7/2015,1,,39,4,0,2,17
Italy,331382396,0,462040353,3/6/2012,3/6/2012,2,,,,0,6,0
Italy,407475935,1,511116008,4/5/2012,4/5/2012,4,,28,1,0,6,0
Italy,774352195,0,614317680,12/26/2012,12/26/2012,,,,,0,6,0
Italy,426123331,0,838921712,12/27/2012,12/27/2012,,,,,0,6,0
Italy,989150027,0,616794097,12/28/2012,12/28/2012,,,,,0,6,0
Italy,714722128,1,862376687,12/14/2013,12/14/2013,1,,41,1,0,6,0
Italy,950389329,0,529685726,12/30/2013,12/30/2013,,,,,0,6,0
Italy,895562178,0,147906043,8/20/2014,8/20/2014,,,,,0,81,8
Italy,845673847,0,781417760,12/28/2014,12/28/2014,,,,,0,81,17
Italy,691627584,0,570073072,12/28/2014,12/28/2014,2,,,,0,81,17
Italy,992443902,0,320692023,3/2/2015,3/2/2015,2,,,,0,81,17
Italy,178549509,0,870114232,3/29/2015,3/29/2015,2,2,,,0,81,17
Italy,723053017,0,841864565,12/31/2015,12/31/2015,4,,,,0,77,17
Italy,933461410,1,347528242,1/8/2016,1/8/2016,2,,39,1,0,77,17
Italy,673082537,1,808394643,1/14/2016,1/14/2016,2,,12,1,0,77,17
Italy,767712152,0,797063502,12/1/2016,12/1/2016,1,,,,0,77,8
Italy,458202303,1,870419377,1/4/2017,1/4/2017,6,,56,1,0,77,15
Italy,978458399,0,338248935,8/12/2017,8/12/2017,2,,,,0,81,15
Italy,949574084,1,601061705,11/6/2017,11/6/2017,2,,38,1,0,77,17
Italy,698930463,0,611510749,12/26/2017,12/26/2017,2,,,,0,81,15
Italy,262198435,0,893978316,,,,,,,0,,0
Italy,21934015,0,411335388,,,,,,,0,,0
Kenya,818245327,0,705536932,12/27/2016,12/27/2016,2,,,,0,29,0
Kenya,749874605,0,499148132,2/1/2017,2/1/2017,1,,,,0,29,0
Kuwait,789489892,0,670476103,8/31/2014,8/31/2014,1,,,,0,127,0
Lesotho,762353675,1,305892179,7/28/2012,7/28/2012,1,,97,2,0,29,17
Malaysia,483808628,1,210509065,1/12/2015,1/12/2015,2,,77,2,0,1,0
Mauritius,129430034,0,226294579,2/2/2013,2/2/2013,25,,,,0,29,8
Mexico,379516589,0,694433742,7/20/2013,7/20/2013,,,,,0,5,0
Mexico,796592742,0,436423641,1/3/2015,1/3/2015,5,,,,0,93,17
Mexico,949443594,0,683493444,6/20/2015,6/20/2015,,,,,0,89,15
Mexico,47202785,0,366980738,2/10/2016,2/10/2016,4,,,,0,93,17
Mexico,175533481,0,788576248,8/30/2016,8/30/2016,,,,,0,89,167
Mexico,387529261,0,983708235,12/15/2016,12/15/2016,,,,,0,91,17
Mexico,103755849,0,540477386,,,,,,,0,,0
Netherlands,692759233,0,55509861,10/2/2012,10/2/2012,,,,,0,29,17
New Zealand,569460706,1,95943159,7/1/2011,7/1/2011,1,,44,2,0,29,17
New Zealand,674683606,0,547125918,12/11/2013,12/11/2013,,,,,0,1,8
Nicaragua,306979709,0,619304408,10/1/2015,10/1/2015,2,,,,0,29,0
Pakistan,18082008,0,469845292,1/4/2013,1/4/2013,1,,,,0,29,17
Pakistan,39890072,0,624719268,3/27/2017,3/27/2017,2,,,,0,29,0
Peru,251981953,0,325977010,2/16/2013,2/16/2013,,,,,0,5,0
Peru,664815544,1,418498306,2/16/2013,2/16/2013,1,,1,2,0,5,8
Peru,895698987,0,358820543,8/7/2015,8/7/2015,,,,,0,94,17
Philippines,606911845,0,430488678,9/30/2013,9/30/2013,,,,,0,29,0
Portugal,11161246,0,660010933,6/2/2013,6/2/2013,2,,,,0,56,0
Portugal,132525113,0,584989457,4/4/2016,4/4/2016,1,,,,0,101,17
Saudi Arabia,243336168,0,933071789,3/23/2012,3/23/2012,2,,,,0,29,17
Saudi Arabia,326139399,0,128949199,9/5/2012,9/5/2012,,,,,0,29,17
Saudi Arabia,576503366,0,64806782,9/1/2014,9/1/2014,,,,,0,127,17
Saudi Arabia,113470359,0,623811355,10/28/2014,10/28/2014,,,,,0,127,8
Singapore,338844643,0,861167949,12/16/2012,12/16/2012,2,,,,0,29,17
Singapore,394139771,0,826949257,2/20/2017,2/20/2017,6,,,,0,1,0
South Africa,809175764,0,555290194,8/20/2015,8/20/2015,,,,,0,1,0
South Africa,561523754,1,846535078,9/6/2017,9/6/2017,2,,5,2,0,1,17
South Africa,496501956,0,594412384,3/19/2018,3/19/2018,14,,,,0,1,17
Spain,395732801,0,542945692,10/6/2013,10/6/2013,1,,,,0,1,0
Spain,74019394,0,191957412,2/24/2014,2/24/2014,,,,,0,93,0
Spain,190931052,0,713297880,8/1/2014,8/1/2014,,,,,0,90,8
Spain,593114140,0,877835128,8/20/2014,8/20/2014,3,,,,0,93,8
Spain,394218193,0,497860158,2/14/2015,2/14/2015,,,,,0,93,17
Spain,943559570,0,917529501,2/18/2015,2/18/2015,,,,,0,93,16
Spain,367845394,0,879555507,3/9/2015,3/9/2015,,,,,0,93,17
Spain,610143123,0,531932242,2/25/2016,2/25/2016,1,,,,0,89,17
Spain,524436496,0,683889943,5/20/2016,5/20/2016,,,,,0,66,0
Spain,35663573,0,352001910,4/20/2017,4/20/2017,2,,,,0,1,0
Spain,165509181,0,880942278,7/9/2017,7/9/2017,2,,,,0,89,17
Spain,510839094,0,187373828,7/22/2017,7/22/2017,2,,,,0,89,17
Spain,589824850,0,515141536,,,,,,,0,5,0
Sudan,694301571,0,294285169,3/31/2017,3/31/2017,1,1,,,0,199,17
Swaziland,345462834,0,876106725,11/1/2013,11/1/2013,2,,,,0,7,0
Switzerland,326362542,1,904921441,10/10/2011,10/10/2011,2,2,57,1,0,4,17
Switzerland,997530813,1,623239916,2/28/2013,2/28/2013,2,,17,1,0,7,0
Switzerland,804212551,0,184573917,12/10/2014,12/10/2014,,,,,0,29,0
Switzerland,616548143,0,970123515,1/6/2016,1/6/2016,,,,,0,87,17
Switzerland,379146588,0,771069044,2/10/2017,2/10/2017,2,,46,2,0,65,17
Syria,618998893,0,438070792,1/15/2016,1/15/2016,,,,,0,127,16
Syria,197146509,0,144042061,,,,,,,0,161,0
Thailand,35217559,0,93110994,12/5/2017,12/5/2017,3,,,,0,1,0
Trinidad and Tobago,903611777,1,702753432,8/23/2014,8/23/2014,1,,19,2,0,1,0
Turkey,658786454,1,382198728,10/30/2014,10/30/2014,2,,62,2,0,2,17
Uganda,610857875,0,954751296,,,,,,,0,29,17
United Arab Emirates,965482765,0,226269592,1/1/2016,1/1/2016,2,3,,,0,1,0
United Kingdom,264940968,1,254357988,5/22/2010,5/22/2010,,,85,4,0,29,17
United Kingdom,328152445,1,619462845,9/10/2010,9/10/2010,4,0,14,2,0,1,17
United Kingdom,690489475,0,486244824,5/5/2012,5/5/2012,1,,,,0,29,17
United Kingdom,657108745,1,461209274,6/30/2012,6/30/2012,2,,33,2,0,1,0
United Kingdom,144190768,1,251892436,9/29/2012,9/29/2012,2,,64,4,0,29,17
United Kingdom,162674027,1,256822004,10/30/2012,10/30/2012,3,2,59,2,0,2,0
United Kingdom,379165056,0,121463576,12/12/2012,12/12/2012,,,,,0,1,0
United Kingdom,672766086,0,517033931,2/13/2013,2/13/2013,2,3,,,0,29,8
United Kingdom,319542614,0,564802865,7/13/2013,7/13/2013,,,,,0,1,8
United Kingdom,54685930,0,782415365,8/29/2013,8/29/2013,,,,,0,1,8
United Kingdom,605643537,1,80304785,11/11/2013,11/11/2013,2,,29,2,0,9,16
United Kingdom,146743087,0,707870393,12/27/2014,12/27/2014,2,,,,0,1,0
United Kingdom,931788410,0,220072309,8/15/2015,8/15/2015,2,,,,0,2,0
United Kingdom,739991236,0,569999972,9/15/2015,9/15/2015,2,,,,0,2,0
United Kingdom,669947977,0,525602393,10/17/2015,10/17/2015,2,,,,0,65,17
United Kingdom,594554184,0,250650275,10/30/2015,10/30/2015,2,,,,0,2,17
United Kingdom,990774875,1,491747096,2/12/2016,2/12/2016,2,,62,2,0,1,8
United Kingdom,906755350,0,196654765,5/12/2016,5/12/2016,2,,,,0,12,0
United Kingdom,991671858,1,316756282,9/17/2016,9/17/2016,4,,60,4,0,65,17
United Kingdom,775604264,1,725204092,11/27/2016,11/27/2016,2,,74,4,0,65,17
United Kingdom,319106096,0,703221616,1/15/2017,1/15/2017,2,,,,0,73,0
United Kingdom,823743620,0,124413963,3/7/2017,3/7/2017,,,,,0,1,8
United Kingdom,784401337,0,759227755,3/22/2017,3/22/2017,,,,,0,2,17
United Kingdom,599449942,0,611056533,6/24/2017,6/24/2017,1,,,,0,1,16
United Kingdom,988777072,1,274272535,9/10/2017,9/10/2017,2,,43,4,0,1,8
United Kingdom,103334029,1,271701832,9/26/2017,9/26/2017,2,,48,2,0,1,15
United Kingdom,568354229,0,968865567,,,,,,,0,,0
United Kingdom,806056003,0,681492663,,,,,,,0,12,0
United States,616171496,0,971206585,6/13/2010,6/13/2010,,,,,0,1,8
United States,464613782,1,946948100,10/18/2010,10/18/2010,2,,46,2,0,1,0
United States,369761890,1,830244188,11/4/2010,11/4/2010,4,,76,3,0,1,8
United States,994855703,1,301836992,4/10/2011,4/10/2011,,,16,2,0,29,17
United States,433739450,1,466201797,9/30/2011,9/30/2011,5,,51,2,0,1,0
United States,365551254,1,70744186,11/14/2011,11/14/2011,2,,90,4,0,1,0
United States,426143880,0,117529862,4/17/2012,4/17/2012,4,,,,0,1,8
United States,955015571,0,88046291,9/16/2012,9/16/2012,3,,,,0,1,0
United States,704635306,1,356928060,9/22/2012,9/22/2012,1,,55,2,0,29,17
United States,780484465,0,997427884,9/23/2012,9/23/2012,4,,,,0,29,17
United States,45903289,0,562433867,10/6/2012,10/6/2012,3,,,,0,56,0
United States,891304071,0,309560294,10/7/2012,10/7/2012,1,1,,,0,29,17
United States,910086305,0,826971467,10/31/2012,10/31/2012,,,,,0,1,0
United States,777053986,1,91493509,11/7/2012,11/7/2012,2,,47,2,0,1,8
United States,785843874,1,283974446,11/8/2012,11/8/2012,2,,47,2,0,1,0
United States,921202127,0,414341415,11/20/2012,11/20/2012,2,,,,0,1,0
United States,342781357,0,847089592,11/27/2012,11/27/2012,2,,,,0,1,8
United States,158696795,0,291096162,12/1/2012,12/1/2012,,,,,0,29,17
United States,273385085,1,989898997,12/27/2012,12/27/2012,2,,25,2,0,1,17
United States,908375757,0,247232972,1/1/2013,1/1/2013,2,,,,0,1,0
United States,635717480,1,372570044,1/20/2013,1/20/2013,2,,50,2,0,1,0
United States,993541101,0,275755295,2/14/2013,2/14/2013,2,,,,0,1,16
United States,796942526,0,921833892,2/28/2013,2/28/2013,,,,,0,1,0
United States,550191748,0,417943141,2/28/2013,2/28/2013,,,,,0,29,17
United States,546867310,0,891240724,3/21/2013,3/21/2013,2,2,,,0,29,17
United States,851433136,0,760380650,3/31/2013,3/31/2013,,,,,0,1,0
United States,755060869,0,890116044,4/3/2013,4/3/2013,1,,,,0,1,8
United States,871006473,0,654952921,4/10/2013,4/10/2013,2,,,,0,29,0
United States,315535445,0,377084042,4/13/2013,4/13/2013,2,,,,0,1,26
United States,543429526,0,862538582,4/16/2013,4/16/2013,,,,,0,29,17
United States,611322359,0,252920661,4/26/2013,4/26/2013,,,,,0,56,0
United States,902029191,0,611724744,4/30/2013,4/30/2013,,,,,0,29,0
United States,627224101,0,616914086,4/30/2013,4/30/2013,,,,,0,1,8
United States,776014494,0,186955127,5/17/2013,5/17/2013,,,,,0,1,8
United States,719317467,1,820016101,5/27/2013,5/27/2013,2,,90,2,0,1,8
United States,120560338,0,405145005,6/28/2013,6/28/2013,,,,,0,1,8
United States,721613860,0,175121353,7/7/2013,7/7/2013,2,,,,0,1,8
United States,690888323,0,602524785,7/11/2013,7/11/2013,1,,,,0,1,8
United States,934504725,1,912662953,9/6/2013,9/6/2013,2,,94,2,0,56,0
United States,479230836,0,57178465,12/8/2013,12/8/2013,1,,,,0,1,0
United States,215494705,0,487775994,12/18/2013,12/18/2013,,,,,0,1,0
United States,984944367,0,24941548,12/26/2013,12/26/2013,,,,,0,29,17
United States,490468383,0,802579132,12/28/2013,12/28/2013,,,,,0,1,0
United States,875325503,0,624620714,2/28/2014,2/28/2014,1,,,,0,1,8
United States,359978952,1,472189822,3/7/2014,3/7/2014,2,,11,2,0,1,8
United States,888636948,0,807698284,3/24/2014,3/24/2014,,,,,0,1,0
United States,640327263,0,560642181,5/28/2014,5/28/2014,2,,,,0,12,0
United States,151702628,0,614598214,6/2/2014,6/2/2014,1,,,,0,29,8
United States,40996362,0,845366262,6/21/2014,6/21/2014,2,,,,0,1,0
United States,843260665,0,275509341,8/15/2014,8/15/2014,2,,,,0,1,8
United States,407829415,0,652284589,9/1/2014,9/1/2014,,,,,0,1,0
United States,96613873,1,356664668,9/12/2014,9/12/2014,2,,36,2,0,1,17
United States,946682526,0,526147361,9/20/2014,9/20/2014,2,,,,0,1,8
United States,799743623,0,940370271,10/18/2014,10/18/2014,10,,,,0,66,0
United States,564670020,0,723492963,11/17/2014,11/17/2014,,,,,0,1,0
United States,257045207,1,732463818,1/23/2015,1/23/2015,1,,60,2,0,1,15
United States,530131726,0,657655409,3/30/2015,3/30/2015,2,,,,0,1,0
United States,206112791,0,301966063,4/4/2015,4/4/2015,2,,,,0,29,0
United States,182445861,0,719946705,5/18/2015,5/18/2015,2,,,,0,29,0
United States,832458584,0,684511261,7/1/2015,7/1/2015,2,,,,0,1,8
United States,353240233,0,565490859,10/8/2015,10/8/2015,,,,,0,66,17
United States,891339615,0,521643751,10/10/2015,10/10/2015,,,,,0,1,0
United States,538977629,0,557669957,2/16/2016,2/16/2016,,,,,0,1,0
United States,687760525,0,155652561,2/24/2016,2/24/2016,,,,,0,29,0
United States,137972887,0,42088430,2/27/2016,2/27/2016,3,,,,0,1,0
United States,103561764,0,754706979,3/1/2016,3/1/2016,2,,,,0,74,8
United States,779431807,1,714889369,3/6/2016,3/6/2016,2,,42,2,0,73,17
United States,877227916,0,761284444,6/17/2016,6/17/2016,222,106,,,0,1,0
United States,871931302,0,175743986,7/1/2016,7/1/2016,,,,,0,29,0
United States,161307685,0,355557273,7/4/2016,7/4/2016,3,1,,,0,74,17
United States,428874095,0,366041198,7/11/2016,7/11/2016,2,,,,0,1,8
United States,436269529,0,506112740,8/13/2016,8/13/2016,,,,,0,66,17
United States,202941145,0,770423961,8/17/2016,8/17/2016,2,,,,0,29,0
United States,751105138,0,624283098,9/3/2016,9/3/2016,1,,,,0,1,16
United States,629775157,1,501674213,10/12/2016,10/12/2016,2,1,85,2,0,1,0
United States,546271507,0,815336663,10/19/2016,10/19/2016,2,2,,,0,1,0
United States,120187265,0,680969745,11/10/2016,11/10/2016,2,,,,0,1,0
United States,316621327,0,559582439,12/17/2016,12/17/2016,,,,,0,29,0
United States,630097900,0,534864212,1/1/2017,1/1/2017,3,1,,,0,29,0
United States,655655979,1,689682639,2/20/2017,2/20/2017,2,,49,2,0,1,0
United States,806081748,0,104109479,3/12/2017,3/12/2017,2,,,,0,1,8
United States,361936932,0,329989034,4/8/2017,4/8/2017,5,,,,0,75,17
United States,409215605,0,172740880,4/15/2017,4/15/2017,2,,,,0,65,0
United States,305074688,0,126549082,4/15/2017,4/15/2017,2,1,,,0,1,0
United States,102249474,0,90252114,4/21/2017,4/21/2017,,,,,0,29,0
United States,60379143,0,119727700,5/6/2017,5/6/2017,2,,,,0,1,8
United States,760898065,1,889550671,5/12/2017,5/12/2017,1,,57,2,0,74,17
United States,572979033,0,587676712,5/31/2017,5/31/2017,2,,,,0,66,17
United States,475521025,0,154701834,7/3/2017,7/3/2017,2,,,,0,73,17
United States,878471659,0,927415545,7/17/2017,7/17/2017,,,,,0,29,0
United States,357783429,0,862595617,11/4/2017,11/4/2017,2,,,,0,12,0
United States,484827962,1,751980467,11/12/2017,11/12/2017,2,,32,2,0,1,0
United States,540765995,0,476190114,12/2/2017,12/2/2017,1,,,,0,1,0
United States,50500156,0,197959922,12/23/2017,12/23/2017,8,,,,0,29,0
United States,630754652,0,303827058,12/27/2017,12/27/2017,2,,,,0,145,141
United States,10044943,1,444266872,2/3/2018,2/3/2018,2,,32,2,0,29,0
United States,825852524,0,44881245,5/10/2018,5/10/2018,2,,,,0,29,0
United States,807873149,0,413276658,10/6/2018,10/6/2018,2,,,,0,29,0
United States,366240916,0,939564040,,,2,,,,0,,0
United States,390827841,0,323433763,,,,,,,0,1,0
United States,556619671,0,503059070,,,,,,,0,2,0
United States,697399349,0,817397582,,,,,,,0,1,0
United States,411289891,0,834195195,,,,,,,0,1,0
United States,991361597,0,204812495,,,,,,,0,1,0
United States,41310952,0,984150458,,,,,,,0,1,0
United States,152691042,0,614839324,,,,,,,0,66,17
United States Virgin Islands,186133797,0,501669349,2/28/2014,2/28/2014,1,0,,,0,89,8
Venezuela,149456037,1,555558047,7/24/2017,7/24/2017,4,,39,2,0,1,17
Wallis and Futuna,555767676,0,639786696,7/1/2014,7/1/2014,2,,,,0,1,0
Egypt,334809175,0,163876052,3/20/2016,4/3/2015,,,,,0,99,17
